question_id,sct_stem,question,additional_info,-2,-1,0,1,2,source,Student Raw Count -2,Student Raw Count -1,Student Raw Count 0,Student Raw Count 1,Student Raw Count 2,Student Average Response
1,A 66-year-old male is in hospital for an elective total hip replacement. He is 1 day post-op. During the night the patient complains of shortness of breath of 1 hour in duration. He has a past medical history of COPD and heart failure. His respiratory rate is 24 and O2 saturation is 93% on 10L of O2 via a non-rebreather mask. He has a temperature of 37.5ËC.,If you were thinking of: Ordering a blood culture,And then you find: He has diffuse coarse crackles in both lungs,0.0,0.4,0.8,1.0,0.2,Adelaide SCT,,,,,,
2,A 66-year-old male is in hospital for an elective total hip replacement. He is 1 day post-op. During the night the patient complains of shortness of breath of 1 hour in duration. He has a past medical history of COPD and heart failure. His respiratory rate is 24 and O2 saturation is 93% on 10L of O2 via a non-rebreather mask. He has a temperature of 37.5ËC.,If you were thinking of: Ordering a CTPA,And then you find: CXR demonstrates no abnormalities,0.0,0.0,0.8,0.6,1.0,Adelaide SCT,,,,,,
3,"A 67-year-old female is brought to the emergency department after a witnessed unconscious collapse. She reports that she was walking up a hill when she began to feel dizzy before âblacking outâ and awakening on the ground. Her friend who witnessed the collapse reports observing that she lost consciousness for âa few secondsâ, during which she âmade a few jerking movementsâ.",If you were thinking of: Ordering an EEG,And then you find: Her friend reports the patient went very pale before losing consciousness,0.0,1.0,0.2,0.0,0.0,Adelaide SCT,,,,,,
4,"A 67-year-old female is brought to the emergency department after a witnessed unconscious collapse. She reports that she was walking up a hill when she began to feel dizzy before âblacking outâ and awakening on the ground. Her friend who witnessed the collapse reports observing that she lost consciousness for âa few secondsâ, during which she âmade a few jerking movementsâ.",If you were thinking of: Ordering a Holter monitor,"And then you find: She had a stroke 1 year ago, the workup for which revealed no arrhythmias",0.0,0.1,1.0,0.0,0.0,Adelaide SCT,,,,,,
5,A 25-year-old female presents to the ED with a headache. She describes the headache as poorly localised. The headache has been present for 2 days and has not been alleviated by paracetamol or NSAIDs. She has been having frequent headaches over the last month. She has no significant past medical history. Physical examination reveals a BMI of 32. Her neurological examination and CT head are normal.,If you were thinking of: Recommending sumatriptan,And then you find: She reports that she has severe motion sickness,0.0,0.0,0.0,1.0,0.2,Adelaide SCT,,,,,,
6,A 25-year-old female presents to the ED with a headache. She describes the headache as poorly localised. The headache has been present for 2 days and has not been alleviated by paracetamol or NSAIDs. She has been having frequent headaches over the last month. She has no significant past medical history. Physical examination reveals a BMI of 32. Her neurological examination and CT head are normal.,If you were thinking of: Performing a lumbar puncture,And then you find: She has bilateral papilloedema,1.0,0.0,0.0,0.0,0.0,Adelaide SCT,,,,,,
7,A 67-year-old male is brought to the GP by his family because they are concerned about his memory. They report that he is continuously losing objects and forgetting names and dates. The patient acknowledges that he has had some difficulty with his memory. On physical examination he is noted to have a broad-based unsteady gait.,If you were thinking of: Ordering a head CT,And then you find: He had a fall 3 months ago that required no follow-up because he felt âfineâ after getting up,0.0,0.0,0.0,0.3,1.0,Adelaide SCT,,,,,,
8,A 67-year-old male is brought to the GP by his family because they are concerned about his memory. They report that he is continuously losing objects and forgetting names and dates. The patient acknowledges that he has had some difficulty with his memory. On physical examination he is noted to have a broad-based unsteady gait.,If you were thinking of: Trialling an SSRI,"And then you find: During cognitive testing he refuses to engage, simply stating âI canâtâ",0.0,0.0,0.2,1.0,0.8,Adelaide SCT,,,,,,
9,"A 25-year-old male presents to the GP with pain in his lower back, left knee and left ankle. The pain has been present for the last 2 months and is limiting his ability to perform his daily activities. Paracetamol has not helped to alleviate the pain.",If you were thinking of: Disc prolapse with radiculopathy,And then you find: The pain improves with exertion,1.0,0.3,0.0,0.0,0.0,Adelaide SCT,,,,,,
10,"A 25-year-old male presents to the GP with pain in his lower back, left knee and left ankle. The pain has been present for the last 2 months and is limiting his ability to perform his daily activities. Paracetamol has not helped to alleviate the pain.",If you were thinking of: Reactive arthritis,And then you find: He has scaly pustular lesions on the palms of his hands and soles of his feet,0.0,0.0,0.0,1.0,1.0,Adelaide SCT,,,,,,
11,"A 28-year-old female presents to the emergency department with sharp left-sided chest pain. The pain has been present intermittently for the past 12 hours. She reports the pain is worst when she lies down, particularly on the left-hand side, but resolves when she sits up and leans forwards. She is otherwise asymptomatic.",If you were thinking of: Ordering an ECG,And then you find: Dual heart sounds with a friction rub,0.0,0.0,0.4,0.3,1.0,Adelaide SCT,,,,,,
12,"A 28-year-old female presents to the emergency department with sharp left-sided chest pain. The pain has been present intermittently for the past 12 hours. She reports the pain is worst when she lies down, particularly on the left-hand side, but resolves when she sits up and leans forwards. She is otherwise asymptomatic.",If you were thinking of: Recommending NSAIDs,And then you find: She has a malar rash that worsens with sun exposure,0.0,0.0,0.1,1.0,0.2,Adelaide SCT,,,,,,
13,A 25-year-old female presents to the GP complaining of excessive sweating at nighttime over the past month. During this time she has also been feeling tired and lost 3kg of weight unintentionally. She also reports that she has recently developed a lump in her neck.,If you were thinking of: Ordering a lymph node biopsy,And then you find: She reports generalised pruritus,0.0,0.0,0.4,0.8,1.0,Adelaide SCT,,,,,,
14,A 25-year-old female presents to the GP complaining of excessive sweating at nighttime over the past month. During this time she has also been feeling tired and lost 3kg of weight unintentionally. She also reports that she has recently developed a lump in her neck.,If you were thinking of: Ordering thyroid function tests,And then you find: She has normal reflexes,0.0,0.7,1.0,0.0,0.0,Adelaide SCT,,,,,,
15,A 70-year-old female presents to the GP complaining of worsening constipation over the past 3-6 months. She now only opens her bowels once every 3-4 days whereas previously she had used her bowels daily. She has had no diarrhoea and seen no blood in her stools. She also reports that she has been feeling tired and weak for the past 3-6 months.,If you were thinking of: Ordering a colonoscopy,And then you find: The patient has a unilateral resting tremor and a shuffling gait,0.0,0.7,1.0,0.0,0.0,Adelaide SCT,,,,,,
16,A 70-year-old female presents to the GP complaining of worsening constipation over the past 3-6 months. She now only opens her bowels once every 3-4 days whereas previously she had used her bowels daily. She has had no diarrhoea and seen no blood in her stools. She also reports that she has been feeling tired and weak for the past 3-6 months.,If you were thinking of: Ordering a serum calcium level,And then you find: She complains of polyuria and polydipsia,0.0,0.0,0.0,0.7,1.0,Adelaide SCT,,,,,,
17,A 59-year-old male presents to the GP complaining of shortness of breath on exertion for the past 1-2 years. He reports that it has been gradually getting worse and now he has begun to wake up in the middle of the night feeling short of breath. Physical examination reveals peripheral pitting oedema and bilateral fine inspiratory crackles. The doctor considers possible causes of this presentation.,If you were thinking of: Dilated cardiomyopathy,And then you find: He has consumed 5-6 standard drinks of alcohol per day for the last 10 years.,0.0,0.0,0.0,0.5,1.0,Adelaide SCT,,,,,,
18,A 59-year-old male presents to the GP complaining of shortness of breath on exertion for the past 1-2 years. He reports that it has been gradually getting worse and now he has begun to wake up in the middle of the night feeling short of breath. Physical examination reveals peripheral pitting oedema and bilateral fine inspiratory crackles. The doctor considers possible causes of this presentation.,If you were thinking of: Restrictive cardiomyopathy,And then you find: He has a past medical history of type 2 diabetes mellitus and erectile dysfunction and is currently being investigated for cirrhosis,0.0,0.0,0.2,1.0,0.8,Adelaide SCT,,,,,,
19,A 55-year-old male has a routine health check for work. As a component of this he has an ECG and is found to be in atrial fibrillation. The duration of this atrial fibrillation is unknown. He has a ventricular rate averaging approximately 110 bpm.,If you were thinking of: Commencing metoprolol,And then you find: The patient has a past history of asthma,1.0,0.3,0.0,0.0,0.0,Adelaide SCT,,,,,,
20,A 55-year-old male has a routine health check for work. As a component of this he has an ECG and is found to be in atrial fibrillation. The duration of this atrial fibrillation is unknown. He has a ventricular rate averaging approximately 110 bpm.,If you were thinking of: Commencing rivaroxaban,And then you find: The patient has a past history of chronic kidney disease and is on haemodialysis,1.0,0.1,0.0,0.0,0.0,Adelaide SCT,,,,,,
21,A 60-year-old female presents to the emergency department with weakness. She reports having difficulty arising from a seated position. The patient also reports that her arms get tired when she brushes her hair.,If you were thinking of: Lambert-Eaton myasthenic syndrome,And then you find: She has a 50 pack-year smoking history,0.0,0.0,0.2,1.0,0.8,Adelaide SCT,,,,,,
22,A 60-year-old female presents to the emergency department with weakness. She reports having difficulty arising from a seated position. The patient also reports that her arms get tired when she brushes her hair.,If you were thinking of: Myasthenia gravis,And then you find: She has decreased deep tendon reflexes throughout,1.0,0.7,0.0,0.0,0.0,Adelaide SCT,,,,,,
23,A 25-year-old female presents to the emergency department following a witnessed seizure. She was at work when a colleague observed her become rigid all over before falling to the ground with jerking movements of the arms and legs. She bit the sides of her tongue and had urinary incontinence. Her temperature on arrival in the emergency room was 37.9 C.,If you were thinking of: Ordering a blood culture,And then you find: She recently completed a course of antibiotics for presumed bacterial sinusitis,0.0,0.0,0.6,1.0,0.8,Adelaide SCT,,,,,,
24,A 25-year-old female presents to the emergency department following a witnessed seizure. She was at work when a colleague observed her become rigid all over before falling to the ground with jerking movements of the arms and legs. She bit the sides of her tongue and had urinary incontinence. Her temperature on arrival in the emergency room was 37.9 C.,If you were thinking of: Ordering a head CT,And then you find: She reports that she is pregnant,1.0,0.3,0.4,0.0,0.0,Adelaide SCT,,,,,,
25,A 19-year-old male presents to the emergency department with dark coloured urine. He has noticed this change in the urine over the past 24-48 hours. He has never experienced dark urine like this before.,If you were thinking of: Rhabdomyolysis,And then you find: Urine dipstick indicates +++ blood,0.0,0.0,0.0,1.0,0.7,Adelaide SCT,,,,,,
26,A 19-year-old male presents to the emergency department with dark coloured urine. He has noticed this change in the urine over the past 24-48 hours. He has never experienced dark urine like this before.,If you were thinking of: Post-streptococcal glomerulonephritis,And then you find: He has had a runny nose and a cough for the past 4 days (starting 2 days before the dark urine),0.4,1.0,0.1,0.0,0.0,Adelaide SCT,,,,,,
27,A 58-year-old female presents to the GP for a health check up as she is recovering from an upper respiratory tract infection. She has a past medical history of hypertension and dyslipidaemia. Physical examination reveals a heart murmur. The GP considers possible causes of the heart murmur.,If you were thinking of: Mitral stenosis,And then you find: There is fixed splitting of S2,1.0,0.7,0.0,0.0,0.0,Adelaide SCT,,,,,,
28,A 58-year-old female presents to the GP for a health check up as she is recovering from an upper respiratory tract infection. She has a past medical history of hypertension and dyslipidaemia. Physical examination reveals a heart murmur. The GP considers possible causes of the heart murmur.,If you were thinking of: Aortic sclerosis,And then you find: She has recently been feeling short of breath on exertion,0.8,1.0,0.0,0.6,0.0,Adelaide SCT,,,,,,
29,"A 27-year-old female presents to the GP with a persistent rash. The rash is over the extensor surface of her elbows and has an erythematous scaly appearance. Her previous GP had tried several âcreamsâ, the nature of which she is uncertain. She reports that treatment with these creams did not help the rash.",If you were thinking of: Treating with high-potency topical corticosteroids,And then you find: She uses salbutamol and budesonide inhalers for asthma,0.0,0.0,1.0,0.7,0.0,Adelaide SCT,,,,,,
30,"A 27-year-old female presents to the GP with a persistent rash. The rash is over the extensor surface of her elbows and has an erythematous scaly appearance. Her previous GP had tried several âcreamsâ, the nature of which she is uncertain. She reports that treatment with these creams did not help the rash.",If you were thinking of: Treating with dithranol,And then you find: She has previously had a positive Mantoux test,0.3,0.1,1.0,0.3,0.0,Adelaide SCT,,,,,,
31,A 32-year-old female presents to the GP with weight gain. She has put on 7kg over the past 1-2 months without any change in her diet or exercise. She is noted to have proximal muscle weakness and purple striae on her abdomen.,If you were thinking of: Ordering a low dose dexamethasone suppression test,And then you find: She has recently been diagnosed with rheumatoid arthritis and has recently commenced oral corticosteroids,0.7,1.0,0.0,0.0,0.0,Adelaide SCT,,,,,,
32,A 32-year-old female presents to the GP with weight gain. She has put on 7kg over the past 1-2 months without any change in her diet or exercise. She is noted to have proximal muscle weakness and purple striae on her abdomen.,If you were thinking of: Ordering an abdominal CT,And then you find: Her serum ACTH levels are low,0.0,0.0,0.0,0.5,1.0,Adelaide SCT,,,,,,
33,A 27-year-old female presents to the GP with diarrhoea and weight loss. The diarrhoea has been occurring for the past 1-2 months. She has unintentionally lost 3kg over this time. She has also been feeling very fatigued. She is uncertain whether there has been blood in the bowel movements.,If you were thinking of: Treating with mesalazine and steroids,And then you find: Fecal calprotectin is negative,1.0,0.7,0.0,0.0,0.0,Adelaide SCT,,,,,,
34,A 27-year-old female presents to the GP with diarrhoea and weight loss. The diarrhoea has been occurring for the past 1-2 months. She has unintentionally lost 3kg over this time. She has also been feeling very fatigued. She is uncertain whether there has been blood in the bowel movements.,If you were thinking of: Treating with dietary modification,And then you find: She has a pruritic vesicular rash over her left leg,1.0,1.0,0.3,0.7,1.0,Adelaide SCT,,,,,,
35,A 66-year-old male presents to the GP with fatigue for the past 2-4 weeks. Physical examination reveals pallor of his conjunctivae and palmar creases. He has been a vegetarian for many years.,If you were thinking of: Ordering an endoscopy,And then you find: His father developed a peptic ulcer at the age of 70.,0.0,0.0,1.0,0.2,0.0,Adelaide SCT,,,,,,
36,A 66-year-old male presents to the GP with fatigue for the past 2-4 weeks. Physical examination reveals pallor of his conjunctivae and palmar creases. He has been a vegetarian for many years.,If you were thinking of: Treating with B12 supplementation,And then you find: His MCV is 75 (80-100),1.0,0.7,0.0,0.0,0.0,Adelaide SCT,,,,,,
37,A 59-year-old female presents to the emergency department with fatigue. She is found to have an elevated bilirubin and elevated ALT/AST. Her liver edge is palpable and on percussion the liver is enlarged.,If you were thinking of: Ordering hepatitis B serology,And then you find: She was born in Vietnam,0.0,0.0,0.0,1.0,0.2,Adelaide SCT,,,,,,
38,A 59-year-old female presents to the emergency department with fatigue. She is found to have an elevated bilirubin and elevated ALT/AST. Her liver edge is palpable and on percussion the liver is enlarged.,If you were thinking of: Ordering an abdominal CT,And then you find: She has an elevated AFP,0.0,0.0,0.0,0.1,1.0,Adelaide SCT,,,,,,
39,A 45-year-old male presents to the emergency department with a cough for the past 10 days. He has also felt feverish and generally unwell. He has recently returned from an overseas holiday. His temperature is 38.7ËC.,If you were thinking of: Ordering urinary antigen assessment,And then you find: He has had diarrhoea over the past week,0.0,0.0,0.5,1.0,0.0,Adelaide SCT,,,,,,
40,A 45-year-old male presents to the emergency department with a cough for the past 10 days. He has also felt feverish and generally unwell. He has recently returned from an overseas holiday. His temperature is 38.7ËC.,If you were thinking of: Treating with trimethoprim-sulfamethoxazole,And then you find: He has recently been treated for oral candidiasis,0.0,0.2,1.0,0.8,0.4,Adelaide SCT,,,,,,
41,A 56-year-old male presents to the emergency department with flank pain and haematuria. An abdominal CT reveals a left kidney stone and an incidental finding of a mass in the left adrenal gland.,If you were thinking of: Monitoring adrenal mass with repeat CT,And then you find: He has elevated urinary catecholamine by-products,1.0,0.7,0.0,0.0,0.0,Adelaide SCT,,,,,,
42,A 56-year-old male presents to the emergency department with flank pain and haematuria. An abdominal CT reveals a left kidney stone and an incidental finding of a mass in the left adrenal gland.,If you were thinking of: Planning surgical removal of adrenal mass,And then you find: The lesion has a diameter of 6cm,0.0,0.0,0.0,0.4,1.0,Adelaide SCT,,,,,,
43,A 58-year-old female presents to the emergency department with severe epigastric pain for the past 12 hours. She reports that the pain radiates through to the center of her back. She has also been feeling nauseous and vomited twice. The vomit has contained only food.,If you were thinking of: Ordering serum lipase,And then you find: She is tachycardic and her temperature is 37.3ËC,0.0,0.0,0.5,1.0,0.2,Adelaide SCT,,,,,,
44,A 58-year-old female presents to the emergency department with severe epigastric pain for the past 12 hours. She reports that the pain radiates through to the center of her back. She has also been feeling nauseous and vomited twice. The vomit has contained only food.,If you were thinking of: Ordering an abdominal US,And then you find: She has previously had a cholecystectomy,0.3,1.0,0.3,0.0,0.0,Adelaide SCT,,,,,,
45,"A 66-year-old male presents to the GP with a lump on the side of his face. The lump is just inferior to his left ear and is located on the angle of the mandible. He reports that the lump has been enlarging over the past month. He reports that the lump is painless and does not fluctuate in size with meals. The mass is firm and immobile, seemingly tethered to underlying structures. It is 1.5cm in diameter.",If you were thinking of: Ordering a head CT,And then you find: He has a unilateral left facial nerve palsy,0.0,0.0,0.0,0.4,1.0,Adelaide SCT,,,,,,
46,"A 66-year-old male presents to the GP with a lump on the side of his face. The lump is just inferior to his left ear and is located on the angle of the mandible. He reports that the lump has been enlarging over the past month. He reports that the lump is painless and does not fluctuate in size with meals. The mass is firm and immobile, seemingly tethered to underlying structures. It is 1.5cm in diameter.",If you were thinking of: Performing a superficial parotidectomy,And then you find: Histological examination of the sample from the mass reveals pleomorphic cells with a glandular appearance,0.0,0.0,0.0,0.7,1.0,Adelaide SCT,,,,,,
47,A 57-year-old female presents to the ED with a red right eye. She reports the eye is painful and has been red for the past 2-3 hours. The eye is painful all the time and moving the eye does not alter the pain. She has tried paracetamol and ibuprofen for the pain but this has not alleviated the pain significantly.,If you were thinking of: Using topical atropine to enable a more detailed ophthalmic examination,And then you find: She reports seeing halos of lights around objects with the affected eye,1.0,0.0,0.0,0.0,0.0,Adelaide SCT,,,,,,
48,A 57-year-old female presents to the ED with a red right eye. She reports the eye is painful and has been red for the past 2-3 hours. The eye is painful all the time and moving the eye does not alter the pain. She has tried paracetamol and ibuprofen for the pain but this has not alleviated the pain significantly.,If you were thinking of: Treating with intraocular steroid drops,And then you find: She has pain at the insertion of her right Achilles tendon and left knee for the past 1-2 weeks,0.0,0.0,0.0,1.0,0.7,Adelaide SCT,,,,,,
49,A 49-year-old male presents to the ED with left flank pain for 2 hours. The pain is severe and comes in waves. He has also been nauseous and vomited twice. He has dysuria and gross haematuria.,If you were thinking of: Managing with NSAIDs (and possible opioid analgesia) and an alpha-blocker,And then you find: Abdominal CT reveals a stone of 8mm in diameter in the renal pelvis,1.0,0.3,0.0,0.0,0.0,Adelaide SCT,,,,,,
50,A 49-year-old male presents to the ED with left flank pain for 2 hours. The pain is severe and comes in waves. He has also been nauseous and vomited twice. He has dysuria and gross haematuria.,If you were thinking of: Managing with a ureteric stent,And then you find: The patient has a temperature of 39.2ËC,0.0,0.0,0.0,0.3,1.0,Adelaide SCT,,,,,,
51,"A 64-year-old male presents to ED with sharp central chest pain for the past 45 minutes. The pain started suddenly while he was at rest. The pain also radiates to his back. He has also been feeling nauseous. He has long-term poorly controlled hypertension. An ECG demonstrates ST elevation in leads II, III and aVF.",If you were thinking of: CT angiogram,And then you find: An absent right brachial and radial pulse. Left radial pulse present.,0.0,0.0,0.0,0.4,1.0,Adelaide SCT,,,,,,
52,"A 64-year-old male presents to ED with sharp central chest pain for the past 45 minutes. The pain started suddenly while he was at rest. The pain also radiates to his back. He has also been feeling nauseous. He has long-term poorly controlled hypertension. An ECG demonstrates ST elevation in leads II, III and aVF.",If you were thinking of: Thrombolysis,And then you find: CTA reveals a double lumen of the ascending aorta involving the aortic inlet.,1.0,0.3,0.0,0.0,0.0,Adelaide SCT,,,,,,
53,"The right side is more severely affected than the left. She reports the pain has been worsening for several months and she now experiences the pain at nighttime, causing her to lower her right leg over the side of the bed. She has a past medical history of hypertension and type 2 diabetes mellitus.",If you were thinking of: Ordering CT angiography,And then you find: Her eGFR is 42.,0.0,1.0,0.1,0.0,0.0,Adelaide SCT,,,,,,
54,"The right side is more severely affected than the left. She reports the pain has been worsening for several months and she now experiences the pain at nighttime, causing her to lower her right leg over the side of the bed. She has a past medical history of hypertension and type 2 diabetes mellitus.",If you were thinking of: Vascular surgical intervention,And then you find: Her ankle-brachial index is 1.4 bilaterally,1.0,0.8,0.0,0.5,0.3,Adelaide SCT,,,,,,
55,A 26-year-old male presents to the GP with a pigmented lesion on his forearm that he thinks is suspicious. The lesion has an irregular pigment network and the GP performs and excisional biopsy with a 2mm margin.,If you were thinking of: Further surgical excision with a 1cm margin,And then you find: The pathology report comes back as a dysplastic nevus.,1.0,0.1,0.0,0.0,0.0,Adelaide SCT,,,,,,
56,A 26-year-old male presents to the GP with a pigmented lesion on his forearm that he thinks is suspicious. The lesion has an irregular pigment network and the GP performs and excisional biopsy with a 2mm margin.,If you were thinking of: Further excision with a 2cm margin,And then you find: The pathology report comes back with a malignant melanoma with Breslow thickness of 2mm,0.0,0.0,0.0,0.0,1.0,Adelaide SCT,,,,,,
57,A 49-year-old female presents to the GP with a breast lump and is found to have breast cancer on core biopsy. She is referred to specialists to determine how the cancer should best be treated.,If you were thinking of: Treatment with trastuzumab,"And then you find: The cancer is oestrogen receptor positive, progesterone receptor positive and HER2 receptor negative.",1.0,0.0,0.0,0.0,0.0,Adelaide SCT,,,,,,
58,A 49-year-old female presents to the GP with a breast lump and is found to have breast cancer on core biopsy. She is referred to specialists to determine how the cancer should best be treated.,If you were thinking of: Treatment with letrozole,And then you find: She is premenopausal,1.0,0.1,0.0,0.0,0.0,Adelaide SCT,,,,,,
59,A 35-year-old female presents to the GP with a midline neck mass. She reports that the mass has been enlarging over the past few weeks and is non-tender. The mass moves when the patient is asked to swallow but does not move when she sticks out her tongue.,If you were thinking of: Medullary thyroid cancer,And then you find: She has previously been treated for a pituitary adenoma and her father died of pancreatic cancer.,0.3,0.7,0.7,1.0,0.7,Adelaide SCT,,,,,,
60,A 35-year-old female presents to the GP with a midline neck mass. She reports that the mass has been enlarging over the past few weeks and is non-tender. The mass moves when the patient is asked to swallow but does not move when she sticks out her tongue.,If you were thinking of: Papillary thyroid cancer,And then you find: She reports vocal hoarseness over the past week,1.0,1.0,0.5,0.0,0.0,Adelaide SCT,,,,,,
61,A 27-year-old male presents to the doctor with weakness affecting his right arm. He has a manually repetitive job and also suffered a shoulder dislocation while playing sport 1 week ago.,If you were thinking of: Carpal tunnel syndrome,And then you find: He also complains of âshootingâ pain in his neck,1.0,0.7,0.0,0.0,0.0,Adelaide SCT,,,,,,
62,A 27-year-old male presents to the doctor with weakness affecting his right arm. He has a manually repetitive job and also suffered a shoulder dislocation while playing sport 1 week ago.,If you were thinking of: Axillary nerve damage,And then you find: The shoulder dislocation was an anterior dislocation,0.0,0.0,0.0,0.3,1.0,Adelaide SCT,,,,,,
63,"A 50-year-old female is brought to the emergency department following a motor vehicle accident. She suffered trauma to the right side of her body, particularly her right leg. She is now complaining of numbness in the right leg.",If you were thinking of: A lesion affecting the right common fibular (peroneal) nerve,And then you find: Ankle jerk reflexes are symmetrically ++,0.3,0.1,1.0,0.0,0.0,Adelaide SCT,,,,,,
64,"A 50-year-old female is brought to the emergency department following a motor vehicle accident. She suffered trauma to the right side of her body, particularly her right leg. She is now complaining of numbness in the right leg.",If you were thinking of: A lesion affecting the right sural nerve,And then you find: The right leg has an upgoing plantar response,1.0,0.0,0.0,0.0,0.0,Adelaide SCT,,,,,,
65,A 21-year-old female presents to ED with knee pain following an awkward fall while playing sport 1 hour ago. She is having difficulty weight bearing on the leg.,If you were thinking of: Ordering plain x-rays of the knee,"And then you find: She reports visible lateral displacement of the patella during the incident, which she has since replaced.",0.0,0.0,0.0,1.0,0.4,Adelaide SCT,,,,,,
66,A 21-year-old female presents to ED with knee pain following an awkward fall while playing sport 1 hour ago. She is having difficulty weight bearing on the leg.,If you were thinking of: Ordering a knee MRI,And then you find: There is a palpable knee effusion,0.0,0.0,0.2,1.0,0.5,Adelaide SCT,,,,,,
67,A 34-year-old male presents to the ED of a rural hospital with back pain of 3 hours in duration. He reports that the pain began suddenly when he was moving a heavy object. The only imaging possible in the rural hospital are plain x-rays and there are no facilities for surgery at the rural hospital.,If you were thinking of: Managing the patient conservatively in the rural hospital,And then you find: He reports paraesthesia affecting his genital and perianal regions.,1.0,0.0,0.0,0.0,0.0,Adelaide SCT,,,,,,
68,A 34-year-old male presents to the ED of a rural hospital with back pain of 3 hours in duration. He reports that the pain began suddenly when he was moving a heavy object. The only imaging possible in the rural hospital are plain x-rays and there are no facilities for surgery at the rural hospital.,If you were thinking of: Transferring the patient for a spine CT,And then you find: He has a fever of 38.5ËC,0.0,0.0,0.0,0.7,1.0,Adelaide SCT,,,,,,
69,A 50-year-old female presents to the GP with left shoulder pain over the past 2-3 weeks. She reports that it is making her daily activities difficult by limiting her ability to get dressed and reach high places.,If you were thinking of: Supraspinatus impingement,And then you find: There is limited passive ROM in all directions,1.0,1.0,0.0,0.0,0.0,Adelaide SCT,,,,,,
70,A 50-year-old female presents to the GP with left shoulder pain over the past 2-3 weeks. She reports that it is making her daily activities difficult by limiting her ability to get dressed and reach high places.,If you were thinking of: Adhesive capsulitis,And then you find: She has type 2 diabetes mellitus,0.0,0.0,0.0,1.0,0.0,Adelaide SCT,,,,,,
71,"A 28-year-old male has been brought to ED by his friend because he was observed to be acting strangely. He has no past psychiatric history of note. He is difficult to engage in conversation, pacing around the room and muttering to himself. When you attempt to take a history he begins shouting and demanding to leave.",If you were thinking of: Detaining the patient,And then you find: He states that if you donât let him out he will sue you,0.0,0.0,1.0,0.0,0.0,Adelaide SCT,,,,,,
72,"A 28-year-old male has been brought to ED by his friend because he was observed to be acting strangely. He has no past psychiatric history of note. He is difficult to engage in conversation, pacing around the room and muttering to himself. When you attempt to take a history he begins shouting and demanding to leave.",If you were thinking of: Offering him a benzodiazepine,And then you find: His friend reports that 1-2 hours ago he used methamphetamines,0.0,0.0,0.5,1.0,0.2,Adelaide SCT,,,,,,
73,A 64-year-old male is in hospital for an infective COPD exacerbation. While in hospital it is noted that he has a depressed mood and expresses suicidal thoughts. He reports that he has had a persistently low mood since the death of his wife 4 months ago. Psychiatry are called to review the patient and advise what is most appropriate regarding his mood.,If you were thinking of: Recommending a selective-serotonin reuptake inhibitor,And then you find: He has mild cognitive impairment,0.0,0.4,1.0,0.0,0.0,Adelaide SCT,,,,,,
74,A 64-year-old male is in hospital for an infective COPD exacerbation. While in hospital it is noted that he has a depressed mood and expresses suicidal thoughts. He reports that he has had a persistently low mood since the death of his wife 4 months ago. Psychiatry are called to review the patient and advise what is most appropriate regarding his mood.,If you were thinking of: Recommending electroconvulsive therapy,And then you find: He reports hearing the voice of the devil telling him that he is responsible for his wifeâs death and that he should kill himself,0.0,0.0,0.0,0.7,1.0,Adelaide SCT,,,,,,
75,A 24-year-old female is brought to the emergency department by ambulance following a suicide attempt by overdose. She is drowsy and it is unclear what medications she overdosed on because her friend who found her is only able to report that there were empty bottles of âpillsâ scattered around her. The patient has a past medical history of depression and Crohnâs disease.,If you were thinking of: Requesting an ECG,And then you find: She is complaining of a dry mouth,0.0,0.0,0.2,0.8,1.0,Adelaide SCT,,,,,,
76,A 24-year-old female is brought to the emergency department by ambulance following a suicide attempt by overdose. She is drowsy and it is unclear what medications she overdosed on because her friend who found her is only able to report that there were empty bottles of âpillsâ scattered around her. The patient has a past medical history of depression and Crohnâs disease.,If you were thinking of: Giving N-acetylcysteine,And then you find: She is complaining of a high pitched whining sound in both ears,0.1,1.0,0.3,0.0,0.0,Adelaide SCT,,,,,,
77,"A 22-year-old female is referred to a psychiatrist with an episode of depressed mood for the past 2 months. Further history reveals that when she was trialed on an antidepressant in the GP setting, it precipitated an episode lasting 10 days during which she indulged in uncharacteristic gambling and shopping and slept only a few hours per night. The psychiatrist is now considering which medications may be best to prevent further episodes like that episode which involved the excessive spending.",If you were thinking of: Recommending olanzapine,And then you find: She has polycystic ovarian syndrome,0.3,1.0,0.0,0.0,0.0,Adelaide SCT,,,,,,
78,"A 22-year-old female is referred to a psychiatrist with an episode of depressed mood for the past 2 months. Further history reveals that when she was trialed on an antidepressant in the GP setting, it precipitated an episode lasting 10 days during which she indulged in uncharacteristic gambling and shopping and slept only a few hours per night. The psychiatrist is now considering which medications may be best to prevent further episodes like that episode which involved the excessive spending.",If you were thinking of: Recommending risperidone,And then you find: Her brother died unexpectedly at the age of 17 during a sporting event,1.0,1.0,0.5,0.0,0.0,Adelaide SCT,,,,,,
79,A 70-year-old female is brought to ED by her two children who found her confused at home. The children report that she has been leaving the house less frequently over the past 2-3 months and drinking excessive quantities of alcohol. She is unable to repeat 3 objects back to you and is unable to spell âWorldâ backwards. She also appears agitated and is pacing around the room.,If you were thinking of: Giving her IM thiamine,And then you find: She has bilateral limitation of lateral gaze,0.0,0.0,0.0,0.3,1.0,Adelaide SCT,,,,,,
80,A 70-year-old female is brought to ED by her two children who found her confused at home. The children report that she has been leaving the house less frequently over the past 2-3 months and drinking excessive quantities of alcohol. She is unable to repeat 3 objects back to you and is unable to spell âWorldâ backwards. She also appears agitated and is pacing around the room.,If you were thinking of: Giving her a benzodiazepine,And then you find: She has a BP of 190/120,0.3,0.3,0.8,1.0,0.3,Adelaide SCT,,,,,,
81,A 4-year-old male is brought to the GP with a rash over his left shoulder and upper arm. His mother reports that one of the patientâs friends recently had a similar appearing rash. The child appears generally well despite the rash and is meeting all of his developmental milestones.,If you were thinking of: Recommending oral cephalexin,And then you find: The rash has a crusted appearance with some weeping discharge and erythema of the surrounding skin,0.4,0.4,0.0,1.0,0.2,Adelaide SCT,,,,,,
82,A 4-year-old male is brought to the GP with a rash over his left shoulder and upper arm. His mother reports that one of the patientâs friends recently had a similar appearing rash. The child appears generally well despite the rash and is meeting all of his developmental milestones.,If you were thinking of: Recommending topical fluconazole,"And then you find: The rash is comprised of papules, each with a central umbilication",1.0,0.1,0.0,0.0,0.0,Adelaide SCT,,,,,,
83,A 5-month-old female is brought to the GP because of frequent vomits after meals. She has been putting on weight as expected and is on the 50th centile for both weight and length.,If you were thinking of: Recommending thickened feeds,And then you find: The patient frequently coughs after vomiting,0.0,0.0,0.0,1.0,0.1,Adelaide SCT,,,,,,
84,A 5-month-old female is brought to the GP because of frequent vomits after meals. She has been putting on weight as expected and is on the 50th centile for both weight and length.,If you were thinking of: Recommending smaller more frequent feeds,And then you find: The patient is receiving formula for feeds,0.0,0.0,1.0,0.4,0.0,Adelaide SCT,,,,,,
85,An 18-month male is found incidentally to have an abdominal mass as his mother was helping him to get dressed. He has now been referred and is being further investigated.,If you were thinking of: Ordering 24 hour urine catecholamine by-products,And then you find: The mass crosses the midline,0.2,0.2,0.0,1.0,0.6,Adelaide SCT,,,,,,
86,An 18-month male is found incidentally to have an abdominal mass as his mother was helping him to get dressed. He has now been referred and is being further investigated.,If you were thinking of: Watchful waiting,And then you find: Elevated serum AFP,1.0,0.3,0.0,0.0,0.0,Adelaide SCT,,,,,,
87,A 10-month-old female is brought to ED with a cough and noisy breathing. The cough has been present for 2 days. Several other members of the family have been sick. The child has been well until this illness.,If you were thinking of: Ordering a nasopharyngeal swab for viral PCR,And then you find: She currently has subcostal and intercostal recessions,0.0,0.5,1.0,0.8,0.3,Adelaide SCT,,,,,,
88,A 10-month-old female is brought to ED with a cough and noisy breathing. The cough has been present for 2 days. Several other members of the family have been sick. The child has been well until this illness.,If you were thinking of: Admitting to hospital,And then you find: She has stridor only when upset,0.3,1.0,0.1,0.0,0.0,Adelaide SCT,,,,,,
89,A 7-year-old male has been brought to the GP by his parents for nocturnal enuresis. He currently wets the bed 3-4 nights per week.,If you were thinking of: Recommending the use of a bedwetting alarm,"And then you find: The child has had nocturnal enuresis for the last 2 weeks, having had no difficulties with continence for several years prior to this",1.0,0.7,0.0,0.0,0.0,Adelaide SCT,,,,,,
90,A 7-year-old male has been brought to the GP by his parents for nocturnal enuresis. He currently wets the bed 3-4 nights per week.,"If you were thinking of: Ordering a urine microscopy, culture and sensitivity",And then you find: The child has no difficulties with urinary continence during the day,0.4,1.0,0.0,0.0,0.0,Adelaide SCT,,,,,,
91,A 10-year-old male presents to the GP with a limp and right hip pain of 4 hours in duration. He has never had pain in the hip before. It is currently limiting his ability to ambulate.,If you were thinking of: Transferring the child to hospital,And then you find: He has a fever of 38.9ËC,0.0,0.0,0.0,0.3,1.0,Adelaide SCT,,,,,,
92,A 10-year-old male presents to the GP with a limp and right hip pain of 4 hours in duration. He has never had pain in the hip before. It is currently limiting his ability to ambulate.,If you were thinking of: Recommending simple analgesia and observation,And then you find: He has a past medical history of minimal change disease,0.0,0.7,1.0,0.0,0.0,Adelaide SCT,,,,,,
93,A 23-year-old female G1P0 31 weeks gestation presents to the ED with regular painful contractions and vaginal fluid loss. She has been having contractions for 1 hour. She has had normal antenatal screening up until this point.,If you were thinking of: Giving nifedipine,And then you find: Her temperature is 38.2ËC,1.0,0.4,0.0,0.0,0.0,Adelaide SCT,,,,,,
94,A 23-year-old female G1P0 31 weeks gestation presents to the ED with regular painful contractions and vaginal fluid loss. She has been having contractions for 1 hour. She has had normal antenatal screening up until this point.,If you were thinking of: Giving corticosteroids,And then you find: Fetal fibronectin is positive,0.0,0.1,0.1,0.1,1.0,Adelaide SCT,,,,,,
95,A 24-year-old female G1P0 37 weeks gestation has a routine antenatal appointment. At this appointment she reports that she has recently been experiencing itching of her skin. The pregnancy has been uncomplicated up until this point.,If you were thinking of: Recommending ursodeoxycholic acid,And then you find: She has urticarial lesions around the umbilicus with bullae formation,1.0,0.3,0.0,0.0,0.0,Adelaide SCT,,,,,,
96,A 24-year-old female G1P0 37 weeks gestation has a routine antenatal appointment. At this appointment she reports that she has recently been experiencing itching of her skin. The pregnancy has been uncomplicated up until this point.,If you were thinking of: Recommending induction,And then you find: The itching affects primarily her hands and her feet,0.0,0.0,0.1,1.0,0.3,Adelaide SCT,,,,,,
97,A 50-year-old female presents to the GP reporting frequent hot flushes. These are disrupting her day-to-day life. She has also had muscle aches and pains and been more irritable than usual.,If you were thinking of: Recommending venlafaxine,And then you find: She has a past history of migraines,0.0,0.0,0.4,1.0,0.0,Adelaide SCT,,,,,,
98,A 50-year-old female presents to the GP reporting frequent hot flushes. These are disrupting her day-to-day life. She has also had muscle aches and pains and been more irritable than usual.,If you were thinking of: Recommending oestrogen-only hormone replacement therapy,And then you find: She had a hysterectomy (without oophorectomy) following the birth of her second child,0.0,0.0,0.0,1.0,1.0,Adelaide SCT,,,,,,
99,"A 27-year-old female and her husband present to a specialist after being unable to conceive after 24 months of regular unprotected sexual intercourse. The husband has had a semen assessment, which returned as normal.",If you were thinking of: Measuring day 21 progesterone,And then you find: She has always had irregular periods varying from between 21-35 day cycles,0.3,1.0,0.0,0.2,0.2,Adelaide SCT,,,,,,
100,"A 27-year-old female and her husband present to a specialist after being unable to conceive after 24 months of regular unprotected sexual intercourse. The husband has had a semen assessment, which returned as normal.",If you were thinking of: Hysterosalpingogram,And then you find: She has a past history of pelvic inflammatory disease,0.0,0.0,0.0,0.0,1.0,Adelaide SCT,,,,,,
101,"A male baby born 2 hours ago is noted to have increased an increased respiratory rate, grunting and subcostal recessions. The baby is taken to the nursery and investigations and treatment are instigated.",If you were thinking of: Measuring the babyâs BSL,And then you find: The mother had gestational diabetes mellitus,0.0,0.0,0.0,0.0,1.0,Adelaide SCT,,,,,,
102,"A male baby born 2 hours ago is noted to have increased an increased respiratory rate, grunting and subcostal recessions. The baby is taken to the nursery and investigations and treatment are instigated.",If you were thinking of: Empiric antibiotic therapy,And then you find: The mother had limited antenatal care,0.0,0.0,0.4,1.0,0.6,Adelaide SCT,,,,,,
287,"You are called to the newborn nursery by the labor and delivery nurse to examine a newborn infant with abnormal tone, dysmorphic facial features and a heart murmur.",If you were considering a diagnosis of:   Trisomy 21,And then you find: Epicanthal folds,0.0,0.0,0.0,4.0,7.0,Open Medical SCT,,,,,,
288,"You are called to the newborn nursery by the labor and delivery nurse to examine a newborn infant with abnormal tone, dysmorphic facial features and a heart murmur.",If you were considering a diagnosis of:   Prenatal Alcohol Exposure,And then you find: A smooth philtrum,0.0,0.0,0.0,3.0,8.0,Open Medical SCT,,,,,,
289,"You are called to the newborn nursery by the labor and delivery nurse to examine a newborn infant with abnormal tone, dysmorphic facial features and a heart murmur.",If you were considering a diagnosis of:   Trisomy 18,And then you find: Macrocephaly,6.0,4.0,0.0,1.0,0.0,Open Medical SCT,,,,,,
290,"You are called to the newborn nursery by the labor and delivery nurse to examine a newborn infant with abnormal tone, dysmorphic facial features and a heart murmur. You elicit further prenatal history from the motherâs chart, perform a complete physical examination on the infant and consider your further evaluation for this infant.",If you were considering ordering a:   Renal Ultrasound,And then on examination you find: A single umbilical artery,0.0,0.0,0.0,4.0,7.0,Open Medical SCT,,,,,,
291,"You are called to the newborn nursery by the labor and delivery nurse to examine a newborn infant with abnormal tone, dysmorphic facial features and a heart murmur. You elicit further prenatal history from the motherâs chart, perform a complete physical examination on the infant and consider your further evaluation for this infant.",If you were considering ordering a:   A karyotype (cytogenetic study),And then on examination you find: Brushfield's spots,0.0,0.0,2.0,6.0,3.0,Open Medical SCT,,,,,,
292,"You are called to the newborn nursery by the labor and delivery nurse to examine a newborn infant with abnormal tone, dysmorphic facial features and a heart murmur. You elicit further prenatal history from the motherâs chart, perform a complete physical examination on the infant and consider your further evaluation for this infant.",If you were considering ordering a:   An echocardiogram,And then on examination you find: A normal cardiac exam,0.0,3.0,7.0,1.0,0.0,Open Medical SCT,,,,,,
293,"You are called to the newborn nursery by the labor and delivery nurse to examine a newborn infant with abnormal tone, dysmorphic facial features and a heart murmur. You elicit further prenatal history from the motherâs chart, perform a complete physical examination on the infant and consider your further evaluation for this infant. A karyotype is obtained and confirms a diagnosis of Trisomy 21. The parents inquire about possible future complications from this diagnosis. In children with Trisomy 21, how would you handle the following associated issues in the future?",If you were thinking of:   Starting the patient on levothyroxine,And then you find: A high serum TSH level on routine health supervision labs,0.0,0.0,0.0,4.0,7.0,Open Medical SCT,,,,,,
294,"You are called to the newborn nursery by the labor and delivery nurse to examine a newborn infant with abnormal tone, dysmorphic facial features and a heart murmur. You elicit further prenatal history from the motherâs chart, perform a complete physical examination on the infant and consider your further evaluation for this infant. A karyotype is obtained and confirms a diagnosis of Trisomy 21. The parents inquire about possible future complications from this diagnosis. In children with Trisomy 21, how would you handle the following associated issues in the future?",If you were thinking of:  Referring the patient to a neurosurgeon,And then you find: A normal cervical spine screening series for atlantoaxial instability,7.0,3.0,1.0,0.0,0.0,Open Medical SCT,,,,,,
295,"You are called to the newborn nursery by the labor and delivery nurse to examine a newborn infant with abnormal tone, dysmorphic facial features and a heart murmur. You elicit further prenatal history from the motherâs chart, perform a complete physical examination on the infant and consider your further evaluation for this infant. A karyotype is obtained and confirms a diagnosis of Trisomy 21. The parents inquire about possible future complications from this diagnosis. In children with Trisomy 21, how would you handle the following associated issues in the future?",If you were thinking of:  Ordering a complete blood count (CBC) with differential and blood smear,And then you find: A scattered petechial rash,0.0,0.0,0.0,0.0,11.0,Open Medical SCT,,,,,,
296,A five-year child presents to his primary care provider with a rash on his upper and lower extremities for 2 weeks.,If you were thinking of a diagnosis of:    Atopic Dermatitis,And then you find: A past medical history of allergic rhinitis and asthma,0.0,0.0,0.0,6.0,5.0,Open Medical SCT,,,,,,
297,A five-year child presents to his primary care provider with a rash on his upper and lower extremities for 2 weeks.,If you were thinking of a diagnosis of:    Impetigo,And then you find: Honey colored crusting on erythematous plaques in the popliteal creases,0.0,0.0,0.0,5.0,6.0,Open Medical SCT,,,,,,
298,A five-year child presents to his primary care provider with a rash on his upper and lower extremities for 2 weeks.,If you were thinking of a diagnosis of:    Erythema Multiforme,And then you find: A maculopapular rash involving the trunk and face,1.0,4.0,2.0,4.0,0.0,Open Medical SCT,,,,,,
299,"A five-year child presents to his primary care provider with a rash on his upper and lower extremities for 2 weeks. You elicit further history from the parents.  The patient has had intermittent dry rough skin since birth. In infancy, the rash primarily presented on his cheeks and trunk, but for the last few years, he has had intermittent outbreaks of rough skin on his trunk and popliteal and antecubital fossae.",If you were considering the following laboratory test:     KOH preparation for microscopic examination,And then you find: Scattered circular or ovoid lesions with no flaking or central clearing,0.0,0.0,0.0,3.0,8.0,Open Medical SCT,,,,,,
300,"A five-year child presents to his primary care provider with a rash on his upper and lower extremities for 2 weeks. You elicit further history from the parents.  The patient has had intermittent dry rough skin since birth. In infancy, the rash primarily presented on his cheeks and trunk, but for the last few years, he has had intermittent outbreaks of rough skin on his trunk and popliteal and antecubital fossae.",If you were considering the following laboratory test:     A rapid streptococcal antigen test,And then you find: A rough popular truncal rash and axillary temperature of 99.6F,1.0,0.0,0.0,9.0,1.0,Open Medical SCT,,,,,,
301,"A five-year child presents to his primary care provider with a rash on his upper and lower extremities for 2 weeks. You elicit further history from the parents.  The patient has had intermittent dry rough skin since birth. In infancy, the rash primarily presented on his cheeks and trunk, but for the last few years, he has had intermittent outbreaks of rough skin on his trunk and popliteal and antecubital fossae.",If you were considering the following laboratory test:     A wound culture,And then you find: A tender area of erythematous skin with overlying honey colored crusting,0.0,1.0,1.0,6.0,3.0,Open Medical SCT,,,,,,
302,"A five-year child presents to his primary care provider with a rash on his upper and lower extremities for 2 weeks. You elicit further history from the parents.  The patient has had intermittent dry rough skin since birth. In infancy, the rash primarily presented on his cheeks and trunk, but for the last few years, he has had intermittent outbreaks of rough skin on his trunk and popliteal and antecubital fossae. You conduct a KOH preparation on one of the circular lesions which is negative for fungal elements. However, you notice the patient keeps itching the affected areas. His mother remembers he recently starting bathing with a scented bath soap and inquires if this could possibly be triggering the recent flare in his symptoms.",If you were thinking of:     Perscribing a low potency steroid cream,And then you find: Multiple areas of skin breakdown in affected areas,1.0,2.0,1.0,5.0,2.0,Open Medical SCT,,,,,,
303,"A five-year child presents to his primary care provider with a rash on his upper and lower extremities for 2 weeks. You elicit further history from the parents.  The patient has had intermittent dry rough skin since birth. In infancy, the rash primarily presented on his cheeks and trunk, but for the last few years, he has had intermittent outbreaks of rough skin on his trunk and popliteal and antecubital fossae. You conduct a KOH preparation on one of the circular lesions which is negative for fungal elements. However, you notice the patient keeps itching the affected areas. His mother remembers he recently starting bathing with a scented bath soap and inquires if this could possibly be triggering the recent flare in his symptoms.",If you were thinking of:    Refering the patient to pediatric dermatology,And then you find: The child has failed previous courses of topical steroids and immune suppressants,0.0,1.0,1.0,2.0,7.0,Open Medical SCT,,,,,,
304,"A five-year child presents to his primary care provider with a rash on his upper and lower extremities for 2 weeks. You elicit further history from the parents.  The patient has had intermittent dry rough skin since birth. In infancy, the rash primarily presented on his cheeks and trunk, but for the last few years, he has had intermittent outbreaks of rough skin on his trunk and popliteal and antecubital fossae. You conduct a KOH preparation on one of the circular lesions which is negative for fungal elements. However, you notice the patient keeps itching the affected areas. His mother remembers he recently starting bathing with a scented bath soap and inquires if this could possibly be triggering the recent flare in his symptoms.",If you were thinking of:     Initiating antibiotic therapy,And then you find: The patient had a history of a MRSA abscess 1 month prior in an affected area.,0.0,1.0,3.0,3.0,4.0,Open Medical SCT,,,,,,
305,You are called by the newborn nursery nurse to examine 36 hours old full-term infant with a distended abdomen. You complete a physical examination on the infant.,If you were thinking of a diagnosis of:   Dysplastic kidney,And then you find: A right sided compressible flank mass,0.0,1.0,0.0,8.0,1.0,Open Medical SCT,,,,,,
306,You are called by the newborn nursery nurse to examine 36 hours old full-term infant with a distended abdomen. You complete a physical examination on the infant.,If you were thinking of a diagnosis of:   An intestinal obstruction,And then you find: Upward slanting palpebral fissures and a single palmar crease.,0.0,0.0,0.0,7.0,3.0,Open Medical SCT,,,,,,
307,You are called by the newborn nursery nurse to examine 36 hours old full-term infant with a distended abdomen. You complete a physical examination on the infant.,If you were thinking of a diagnosis of:   Distended bladder,And then you find: A sacral dimple with an overlying hair tuft,0.0,0.0,0.0,7.0,3.0,Open Medical SCT,,,,,,
308,You are called by the newborn nursery nurse to examine 36 hours old full-term infant with a distended abdomen. You complete a physical examination on the infant. You elicit further history from the infantâs mother and father and they report no history of abdominal conditions or pathologies. You also discover the infantâs prenatal course was unremarkable.,If you were considering the following diagnostic study:   Ordering a blood culture,And then you find: A history of poor feeding,0.0,0.0,2.0,5.0,3.0,Open Medical SCT,,,,,,
309,You are called by the newborn nursery nurse to examine 36 hours old full-term infant with a distended abdomen. You complete a physical examination on the infant. You elicit further history from the infantâs mother and father and they report no history of abdominal conditions or pathologies. You also discover the infantâs prenatal course was unremarkable.,If you were considering the following diagnostic study:   Ordering an abdominal radiograph,And then you find: A history of one episode of bilious vomiting,0.0,0.0,0.0,2.0,8.0,Open Medical SCT,,,,,,
310,You are called by the newborn nursery nurse to examine 36 hours old full-term infant with a distended abdomen. You complete a physical examination on the infant. You elicit further history from the infantâs mother and father and they report no history of abdominal conditions or pathologies. You also discover the infantâs prenatal course was unremarkable.,If you were considering the following diagnostic study:  Ordering an abdominal ultrasound,And then you find: Normal urine output,0.0,5.0,5.0,0.0,0.0,Open Medical SCT,,,,,,
311,You are called by the newborn nursery nurse to examine 36 hours old full-term infant with a distended abdomen. You complete a physical examination on the infant. You elicit further history from the infantâs mother and father and they report no history of abdominal conditions or pathologies. You also discover the infantâs prenatal course was unremarkable. You discuss further management of the infant with your attending physician.,If you were thinking of the following management:   Referring the patient to pediatric neurosurgery,And then you find: Bladder distention on ultrasonography,0.0,0.0,0.0,1.0,9.0,Open Medical SCT,,,,,,
312,You are called by the newborn nursery nurse to examine 36 hours old full-term infant with a distended abdomen. You complete a physical examination on the infant. You elicit further history from the infantâs mother and father and they report no history of abdominal conditions or pathologies. You also discover the infantâs prenatal course was unremarkable. You discuss further management of the infant with your attending physician.,If you were thinking of the following management:  Initiating antibiotic therapy,And then you find: Multiple renal cysts on ultrasonography,0.0,7.0,1.0,1.0,1.0,Open Medical SCT,,,,,,
313,You are called by the newborn nursery nurse to examine 36 hours old full-term infant with a distended abdomen. You complete a physical examination on the infant. You elicit further history from the infantâs mother and father and they report no history of abdominal conditions or pathologies. You also discover the infantâs prenatal course was unremarkable. You discuss further management of the infant with your attending physician.,If you were thinking of the following management:  Inserting a nasogastric tube,And then you find: A double bubble sign on the abdominal radiograph,0.0,0.0,0.0,2.0,8.0,Open Medical SCT,,,,,,
314,A 12-month-old male child presents to the pediatric emergency department with a three-day history of diarrhea and intermittent abdominal pain.,If you were thinking of a diagnosis of:    Viral gastroenteritis,And then you find: A history of vomiting multiple times in the past 24 hours,0.0,0.0,1.0,4.0,5.0,Open Medical SCT,,,,,,
315,A 12-month-old male child presents to the pediatric emergency department with a three-day history of diarrhea and intermittent abdominal pain.,If you were thinking of a diagnosis of:    Bacterial gastroenteritis,And then you find: A few specks of blood in his stool,0.0,0.0,1.0,7.0,2.0,Open Medical SCT,,,,,,
316,A 12-month-old male child presents to the pediatric emergency department with a three-day history of diarrhea and intermittent abdominal pain.,If you were thinking of a diagnosis of:    Lactose intolerance,And then you find: A temperature of 38.1Â°C rectally,3.0,7.0,0.0,0.0,0.0,Open Medical SCT,,,,,,
317,"A 12-month-old male child presents to the pediatric emergency department with a three-day history of diarrhea and intermittent abdominal pain. During your physical examination, you elicit further history from the mother. She reports that the child attends day care and numerous peers have been sent home with similar symptoms.",If you were considering ordering the following study:     Serum electrolytes,And then you find a: Urine dip positive for ketones,0.0,0.0,1.0,4.0,5.0,Open Medical SCT,,,,,,
318,"A 12-month-old male child presents to the pediatric emergency department with a three-day history of diarrhea and intermittent abdominal pain. During your physical examination, you elicit further history from the mother. She reports that the child attends day care and numerous peers have been sent home with similar symptoms.",If you were considering ordering the following study:     Abdominal radiograph,And then you find a: A burp cloth with a green tinge to his emesis,0.0,0.0,1.0,7.0,2.0,Open Medical SCT,,,,,,
319,"A 12-month-old male child presents to the pediatric emergency department with a three-day history of diarrhea and intermittent abdominal pain. During your physical examination, you elicit further history from the mother. She reports that the child attends day care and numerous peers have been sent home with similar symptoms.",If you were considering ordering the following study:     Bacterial cultures of stool,And then you find a: A history of a pet snake in the home,3.0,7.0,0.0,0.0,0.0,Open Medical SCT,,,,,,
320,"A 12-month-old male child presents to the pediatric emergency department with a three-day history of diarrhea and intermittent abdominal pain. During your physical examination, you elicit further history from the mother. She reports that the child attends day care and numerous peers have been sent home with similar symptoms. You discover dry mucous membranes and tachycardia on exam. Due to concerns for dehydration, you obtain an electrolyte panel which is normal. The abdominal radiograph showed no evidence of obstruction.",If you were thinking of:     Sending the child home with directions for oral rehydration therapy,And then you find: A blood hematocrit of 40% and Hgb 12.0/dl on the complete blood count.,0.0,0.0,1.0,4.0,5.0,Open Medical SCT,,,,,,
321,"A 12-month-old male child presents to the pediatric emergency department with a three-day history of diarrhea and intermittent abdominal pain. During your physical examination, you elicit further history from the mother. She reports that the child attends day care and numerous peers have been sent home with similar symptoms. You discover dry mucous membranes and tachycardia on exam. Due to concerns for dehydration, you obtain an electrolyte panel which is normal. The abdominal radiograph showed no evidence of obstruction.",If you were thinking of:    Initiating intravenous hydration,And then you find: The child has lost 10% of his baseline weight in the last two days,0.0,0.0,1.0,7.0,2.0,Open Medical SCT,,,,,,
322,"A 12-month-old male child presents to the pediatric emergency department with a three-day history of diarrhea and intermittent abdominal pain. During your physical examination, you elicit further history from the mother. She reports that the child attends day care and numerous peers have been sent home with similar symptoms. You discover dry mucous membranes and tachycardia on exam. Due to concerns for dehydration, you obtain an electrolyte panel which is normal. The abdominal radiograph showed no evidence of obstruction.",If you were thinking of:     Initiating antibiotic therapy,And then you find: His stool for PMNâs (lactoferrin) is negative,3.0,7.0,0.0,0.0,0.0,Open Medical SCT,,,,,,
323,A mother brings in her three-year old daughter to your office due to a one-week history of neck swelling.,If you were thinking of a diagnosis of:    Strep pharyngitis,And then you find: An erythematous pharynx with enlarged anterior cervical lymph nodes.,0.0,0.0,0.0,5.0,5.0,Open Medical SCT,,,,,,
324,A mother brings in her three-year old daughter to your office due to a one-week history of neck swelling.,If you were thinking of a diagnosis of:    Lymphadenitis,And then you find: Multiple firm painless  posterior cervical lymph nodes along the childâs left neck area,4.0,4.0,0.0,2.0,0.0,Open Medical SCT,,,,,,
325,A mother brings in her three-year old daughter to your office due to a one-week history of neck swelling.,If you were thinking of a diagnosis of:    Brachial cleft cyst,And then you find: A single 3cm flocculent mass on the anterior aspect right side of the neck,0.0,0.0,0.0,7.0,3.0,Open Medical SCT,,,,,,
326,A mother brings in her three-year old daughter to your office due to a one-week history of neck swelling. You elicit further history from the mother.  She notes the patient has had intermittent fevers for the past week.,"If you were considering the following study:      Epstein Barr titers (EBV IgG, IgM)",And then you find: The childâs has been increasingly tired over the past three weeks,0.0,0.0,1.0,5.0,4.0,Open Medical SCT,,,,,,
327,A mother brings in her three-year old daughter to your office due to a one-week history of neck swelling. You elicit further history from the mother.  She notes the patient has had intermittent fevers for the past week.,If you were considering the following study:    Serum C-reactive protein levels,And then you find: The fevers are typically 39.5ÂºC and the mother describes persistent redness of the posterior pharynx,0.0,1.0,6.0,3.0,0.0,Open Medical SCT,,,,,,
328,A mother brings in her three-year old daughter to your office due to a one-week history of neck swelling. You elicit further history from the mother.  She notes the patient has had intermittent fevers for the past week.,If you were considering the following study:     Biopsy of an enlarged lymph node,And then you find: A history of two cats in the house.,3.0,6.0,0.0,1.0,0.0,Open Medical SCT,,,,,,
329,A mother brings in her three-year old daughter to your office due to a one-week history of neck swelling. You elicit further history from the mother.  She notes the patient has had intermittent fevers for the past week. You complete a full physical examination of the child and consider further management options.,If you were thinking of the following management:     Initiating intravenous immunoglobulin (IVIG) therapy,And then you find: A diffuse erythematous truncal rash and swollen hands and feet.,0.0,0.0,1.0,2.0,7.0,Open Medical SCT,,,,,,
330,A mother brings in her three-year old daughter to your office due to a one-week history of neck swelling. You elicit further history from the mother.  She notes the patient has had intermittent fevers for the past week. You complete a full physical examination of the child and consider further management options.,If you were thinking of the following management:    Performing a bone marrow biopsy.,"And then you find: A white blood count of 27,000/mm with 80% lymphocytes and a few (<5%) atypical cells.",2.0,4.0,0.0,0.0,4.0,Open Medical SCT,,,,,,
331,A mother brings in her three-year old daughter to your office due to a one-week history of neck swelling. You elicit further history from the mother.  She notes the patient has had intermittent fevers for the past week. You complete a full physical examination of the child and consider further management options.,If you were thinking of the following management:     Starting antibiotic therapy,And then you find: A 0.7cm erythematous papule on the forearm with enlarged tender axillary lymph nodes ipsilaterally.,0.0,1.0,0.0,1.0,8.0,Open Medical SCT,,,,,,
332,A 2-year-old female has a 2-day history of left ear pain. Her mother has been giving her acetaminophen with temporary improvement in pain.,If you were thinking of a diagnosis of:   Acute Otitis Media,And then you find: A history of a runny nose and congestion,0.0,0.0,1.0,8.0,1.0,Open Medical SCT,,,,,,
333,A 2-year-old female has a 2-day history of left ear pain. Her mother has been giving her acetaminophen with temporary improvement in pain.,If you were thinking of a diagnosis of:   Acute Otitis Externa,And then you find: No history of recent swimming,3.0,6.0,1.0,0.0,0.0,Open Medical SCT,,,,,,
334,A 2-year-old female has a 2-day history of left ear pain. Her mother has been giving her acetaminophen with temporary improvement in pain.,If you were thinking of a diagnosis of:   Foreign body in the external ear canal,And then you find: A temperature of 38.5Â°C,1.0,9.0,0.0,0.0,0.0,Open Medical SCT,,,,,,
335,A 2-year-old female has a 2-day history of left ear pain. Her mother has been giving her acetaminophen with temporary improvement in pain. You elicit further history from the mother.  The mother reports that the patient has a history of multiple previous episodes of acute otitis media that have required oral antibiotics. You complete a physical exam on the patient.,If you were considering the following intervention:   Ear canal irrigation,And then you find: Bilateral myringotomy tubes on exam,9.0,1.0,0.0,0.0,0.0,Open Medical SCT,,,,,,
336,A 2-year-old female has a 2-day history of left ear pain. Her mother has been giving her acetaminophen with temporary improvement in pain. You elicit further history from the mother.  The mother reports that the patient has a history of multiple previous episodes of acute otitis media that have required oral antibiotics. You complete a physical exam on the patient.,If you were considering the following intervention:   Complete blood count with differential,"And then you find: Purulent, erythematous tympanic membranes",7.0,2.0,0.0,0.0,1.0,Open Medical SCT,,,,,,
337,A 2-year-old female has a 2-day history of left ear pain. Her mother has been giving her acetaminophen with temporary improvement in pain. You elicit further history from the mother.  The mother reports that the patient has a history of multiple previous episodes of acute otitis media that have required oral antibiotics. You complete a physical exam on the patient.,If you were considering the following intervention:   CT scan of head,And then you find: Left-sided post-auricular swelling and erythema.,0.0,0.0,0.0,3.0,7.0,Open Medical SCT,,,,,,
338,A 2-year-old female has a 2-day history of left ear pain. Her mother has been giving her acetaminophen with temporary improvement in pain. You elicit further history from the mother.  The mother reports that the patient has a history of multiple previous episodes of acute otitis media that have required oral antibiotics. You complete a physical exam on the patient. The patientâs mother inquiries about your management plans.,If you were thinking of:   Prescribing oral amoxicillin for 10 days,"And then you find: An erythematous, swollen external ear canal with white discharge",8.0,2.0,0.0,0.0,0.0,Open Medical SCT,,,,,,
339,A 2-year-old female has a 2-day history of left ear pain. Her mother has been giving her acetaminophen with temporary improvement in pain. You elicit further history from the mother.  The mother reports that the patient has a history of multiple previous episodes of acute otitis media that have required oral antibiotics. You complete a physical exam on the patient. The patientâs mother inquiries about your management plans.,If you were thinking of:  Supportive pain control,"And then you find: A mobile, non-tender, left tympanic membrane with a serous effusion",0.0,0.0,0.0,3.0,7.0,Open Medical SCT,,,,,,
340,A 2-year-old female has a 2-day history of left ear pain. Her mother has been giving her acetaminophen with temporary improvement in pain. You elicit further history from the mother.  The mother reports that the patient has a history of multiple previous episodes of acute otitis media that have required oral antibiotics. You complete a physical exam on the patient. The patientâs mother inquiries about your management plans.,If you were thinking of:   ENT referral for bilateral myringotomy tube insertion,And then you find: A history of two prior episodes of acute otitis media in the past 8 months,3.0,4.0,1.0,2.0,0.0,Open Medical SCT,,,,,,
341,A sixteen-year-old female presents to her primary care provider with her parents for concerns of vomiting following meals for the past month.,If you were thinking of a diagnosis of:    Gastroesophageal reflux disease,And then you discover: A history of abdominal pain in the left lower quadrant with defecation,5.0,6.0,0.0,0.0,0.0,Open Medical SCT,,,,,,
342,A sixteen-year-old female presents to her primary care provider with her parents for concerns of vomiting following meals for the past month.,If you were thinking of a diagnosis of:    Bulimia,And then you discover: The patient has an upcoming high school cheerleading tryout,0.0,0.0,1.0,8.0,2.0,Open Medical SCT,,,,,,
343,A sixteen-year-old female presents to her primary care provider with her parents for concerns of vomiting following meals for the past month.,If you were thinking of a diagnosis of:    Pregnancy,And then you discover: The patient recently ended her last menstrual cycle 23 days ago,0.0,6.0,4.0,1.0,0.0,Open Medical SCT,,,,,,
344,"A sixteen-year-old female presents to her primary care provider with her parents for concerns of vomiting following meals for the past month. You elicit further history from the parents and the patient.  The patient has recently been promoted to the varsity, competitive cheer squard. Due to her short stature and petite size, she has been selected to be a flyer and top to one of their stunt pyramids.",If you were considering the following laboratory study:     A rapid urine HCG test,And then you find: The patient denies sexual activity,0.0,1.0,10.0,0.0,0.0,Open Medical SCT,,,,,,
345,"A sixteen-year-old female presents to her primary care provider with her parents for concerns of vomiting following meals for the past month. You elicit further history from the parents and the patient.  The patient has recently been promoted to the varsity, competitive cheer squard. Due to her short stature and petite size, she has been selected to be a flyer and top to one of their stunt pyramids.",If you were considering the following laboratory study:     A electrocardiogram,And then you find: A resting heartrate of 51,0.0,1.0,2.0,5.0,3.0,Open Medical SCT,,,,,,
346,"A sixteen-year-old female presents to her primary care provider with her parents for concerns of vomiting following meals for the past month. You elicit further history from the parents and the patient.  The patient has recently been promoted to the varsity, competitive cheer squard. Due to her short stature and petite size, she has been selected to be a flyer and top to one of their stunt pyramids.",If you were considering the following laboratory study:     A prealbumin level,And then you find: Lanugo on the patientâs trunk,0.0,0.0,0.0,6.0,5.0,Open Medical SCT,,,,,,
347,"A sixteen-year-old female presents to her primary care provider with her parents for concerns of vomiting following meals for the past month. You elicit further history from the parents and the patient.  The patient has recently been promoted to the varsity, competitive cheer squard. Due to her short stature and petite size, she has been selected to be a flyer and top to one of their stunt pyramids. After speaking to the adolescent privately, she admits to vomiting on purpose after meals and at times skipping meals to lose weight. She also admits she has been exercising 2-3 hours daily to assure she is in top form for her cheerleading team. She also admits to feeling overweight as compared to her cheerleading peers.",If you were thinking of:     Discussing your concerns of bulimia and anorexia with her parents,And then you discover: She has asked you to keep her behaviors in confidence,3.0,1.0,6.0,0.0,1.0,Open Medical SCT,,,,,,
348,"A sixteen-year-old female presents to her primary care provider with her parents for concerns of vomiting following meals for the past month. You elicit further history from the parents and the patient.  The patient has recently been promoted to the varsity, competitive cheer squard. Due to her short stature and petite size, she has been selected to be a flyer and top to one of their stunt pyramids. After speaking to the adolescent privately, she admits to vomiting on purpose after meals and at times skipping meals to lose weight. She also admits she has been exercising 2-3 hours daily to assure she is in top form for her cheerleading team. She also admits to feeling overweight as compared to her cheerleading peers.",If you were thinking of:    Admitting her to the inpatient service to begin slow re-feeding,And then you discover: Her sodium level is 132,0.0,1.0,3.0,1.0,6.0,Open Medical SCT,,,,,,
349,"A sixteen-year-old female presents to her primary care provider with her parents for concerns of vomiting following meals for the past month. You elicit further history from the parents and the patient.  The patient has recently been promoted to the varsity, competitive cheer squard. Due to her short stature and petite size, she has been selected to be a flyer and top to one of their stunt pyramids. After speaking to the adolescent privately, she admits to vomiting on purpose after meals and at times skipping meals to lose weight. She also admits she has been exercising 2-3 hours daily to assure she is in top form for her cheerleading team. She also admits to feeling overweight as compared to her cheerleading peers.",If you were thinking of:     Referring her to an eating disorder expert in the psychiatry department,And then you discover: The patient does not feel she has a problem and promises to stop after the competitive cheer season,0.0,0.0,8.0,1.0,2.0,Open Medical SCT,,,,,,
350,A 3-week-old female infant presents to the pediatric emergency department with a 2-hour history of rectal temperature of 101.5F,If you were thinking of:    Viral infection,And then you find: bulging anterior fontanelle (or petchiae),2.0,5.0,2.0,1.0,0.0,Open Medical SCT,,,,,,
351,A 3-week-old female infant presents to the pediatric emergency department with a 2-hour history of rectal temperature of 101.5F,If you were thinking of:    Bacterial infection,And then you find: copious clear nasal secretions,2.0,5.0,2.0,1.0,0.0,Open Medical SCT,,,,,,
352,A 3-week-old female infant presents to the pediatric emergency department with a 2-hour history of rectal temperature of 101.5F,If you were thinking of:    HSV infection,And then you find: vesicular rash on erythematous base,2.0,5.0,2.0,1.0,0.0,Open Medical SCT,,,,,,
353,A 3-week-old female infant presents to the pediatric emergency department with a 2-hour history of rectal temperature of 101.5F. You elicit further history from the parents.  The mother reports that the infant was born at 33 weeks gestation and was just released from the neonatal intensive care unit 3 days ago.,"If you were considering:     Ordering a urine culture
(Ordering a CBC with diff)","And then you find: Urine dip negative for nitrates
(Maternal history of negative group B strep serology)",0.0,2.0,8.0,0.0,0.0,Open Medical SCT,,,,,,
354,A 3-week-old female infant presents to the pediatric emergency department with a 2-hour history of rectal temperature of 101.5F. You elicit further history from the parents.  The mother reports that the infant was born at 33 weeks gestation and was just released from the neonatal intensive care unit 3 days ago.,If you were considering:     Ordering a chest radiograph,And then you find: Respirtaory rate of 62 at rest with no retractions,0.0,0.0,3.0,4.0,3.0,Open Medical SCT,,,,,,
355,A 3-week-old female infant presents to the pediatric emergency department with a 2-hour history of rectal temperature of 101.5F. You elicit further history from the parents.  The mother reports that the infant was born at 33 weeks gestation and was just released from the neonatal intensive care unit 3 days ago.,If you were considering:     Performing a lumbar puncture,And then you find: The patient has a positive rapid  test for respiratory syncytial virus,0.0,5.0,5.0,0.0,0.0,Open Medical SCT,,,,,,
356,"A 3-week-old female infant presents to the pediatric emergency department with a 2-hour history of rectal temperature of 101.5F. You elicit further history from the parents.  The mother reports that the infant was born at 33 weeks gestation and was just released from the neonatal intensive care unit 3 days ago. Blood, urine and CSF samples were sent to the laboratory for further evaluation and culture. The patient is admitted to the inpatient service.",If you were thinking of:     Ordering a renal ultrasound,And then you find: No growth of bacteria in the urine culture,9.0,1.0,0.0,0.0,0.0,Open Medical SCT,,,,,,
357,"A 3-week-old female infant presents to the pediatric emergency department with a 2-hour history of rectal temperature of 101.5F. You elicit further history from the parents.  The mother reports that the infant was born at 33 weeks gestation and was just released from the neonatal intensive care unit 3 days ago. Blood, urine and CSF samples were sent to the laboratory for further evaluation and culture. The patient is admitted to the inpatient service.",If you were thinking of:    Starting an antiviral medication (acyclovir),And then you find: The child had a brief 1 minute seizure-like episode  in the emergency department,0.0,0.0,0.0,2.0,8.0,Open Medical SCT,,,,,,
358,"A 3-week-old female infant presents to the pediatric emergency department with a 2-hour history of rectal temperature of 101.5F. You elicit further history from the parents.  The mother reports that the infant was born at 33 weeks gestation and was just released from the neonatal intensive care unit 3 days ago. Blood, urine and CSF samples were sent to the laboratory for further evaluation and culture. The patient is admitted to the inpatient service.",If you were thinking of:     Initiating antibiotic therapy,"And then you find: Impaired renal function on basic metabolic panel
(Positive Viral PCR for influenza)",0.0,5.0,4.0,1.0,0.0,Open Medical SCT,,,,,,
